,disc_trans_amount,mean_trans_amount,size
0,"(0, 100]",32.334756395266126,225242
1,"(100, 2500]",872.9378656498661,337789
2,"(2500, 5000]",3631.0241756769547,156765
3,"(5000, 10000]",6992.245517340137,139705
4,"(10000, 100000]",22405.79477909606,196805
