,trans_type,mean_trans_amount,size
0,Credit,7967.434882480893,405083
1,Unknown_Transaction_Type,12516.726149045962,16666
2,Withdrawal,4446.653530955831,634571
